City_ID,City,Lat,Lng,Max Temp,Humidity,Cloudiness,Wind Speed,Country,Date
0,blackmans bay,-43.0167,147.3167,284.22,60,93,1.34,AU,1727217825
1,adamstown,-25.066,-130.1015,292.72,70,86,6.63,PN,1727217826
2,kone,-21.0595,164.8658,302.19,41,1,2.89,NC,1727217828
3,iqaluit,63.7506,-68.5145,279.0,86,75,3.09,CA,1727217829
4,waitangi,-43.9535,-176.5597,281.94,78,16,6.26,NZ,1727217830
5,vrangel',42.7297,133.0839,289.35,80,92,5.09,RU,1727217831
6,west island,-12.1568,96.8225,299.14,94,75,6.17,CC,1727217832
7,luba,3.4568,8.5547,298.1,80,100,0.49,GQ,1727217834
8,puerto natales,-51.7236,-72.4875,276.4,60,75,11.32,CL,1727217722
9,ribeira grande,38.5167,-28.7,297.47,92,100,8.49,PT,1727217836
10,port-aux-francais,-49.35,70.2167,275.58,65,17,12.91,TF,1727217837
11,alotau,-10.3069,150.4462,301.28,73,44,2.4,PG,1727217838
12,yellowknife,62.456,-114.3525,281.71,96,100,2.57,CA,1727217840
13,ushuaia,-54.8,-68.3,270.96,100,100,8.75,AR,1727217611
14,vorgashor,67.5833,63.95,273.02,91,99,11.69,RU,1727217842
15,paracuru,-3.41,-39.0306,298.4,82,27,5.41,BR,1727217843
16,bredasdorp,-34.5322,20.0403,285.37,93,100,0.9,ZA,1727217844
17,rio grande,-32.035,-52.0986,291.31,96,91,4.33,BR,1727217846
18,hawaiian paradise park,19.5933,-154.9731,301.88,72,20,4.12,US,1727217848
19,pacific grove,36.6177,-121.9166,295.21,89,0,6.26,US,1727217849
20,guane,22.2025,-84.0875,298.74,90,100,9.96,CU,1727217850
21,san antonio de pale,-1.4014,5.6325,297.96,81,51,4.52,GQ,1727217852
22,las tablas,7.7667,-80.2833,298.8,99,100,4.22,PA,1727217853
23,saipan,15.1355,145.701,301.54,89,40,2.06,MP,1727217854
24,ust-nera,64.5667,143.2,271.85,79,100,4.0,RU,1727217855
25,wuhai,39.6647,106.8122,289.12,56,10,2.04,CN,1727217856
26,wailua homesteads,22.0669,-159.378,302.11,67,20,6.17,US,1727217858
27,edinburgh of the seven seas,-37.0676,-12.3116,285.29,78,12,3.78,SH,1727217859
28,invercargill,-46.4,168.35,284.83,63,98,4.02,NZ,1727217860
29,la passe,45.5549,-0.8967,289.23,92,42,3.97,FR,1727217861
30,talnakh,69.4865,88.3972,275.89,82,70,2.23,RU,1727217862
31,prineville,44.2999,-120.8345,306.88,25,0,2.06,US,1727217864
32,tazacorte,28.629,-17.9293,294.69,91,20,5.14,ES,1727217865
33,quellon,-43.1167,-73.6167,279.08,72,59,4.52,CL,1727217866
34,alice springs,-23.7,133.8833,291.9,88,40,0.0,AU,1727217867
35,margaret river,-33.95,115.0667,280.15,76,6,3.93,AU,1727217868
36,hasaki,35.7333,140.8333,296.89,62,100,8.9,JP,1727217870
37,rikaze,29.25,88.8833,283.05,70,94,1.76,CN,1727217871
38,sibiti,-3.6819,13.3499,295.18,90,94,0.91,CG,1727217872
39,lihue,21.9789,-159.3672,302.45,63,20,6.17,US,1727217873
40,sierra grande,-41.606,-65.3557,286.59,28,100,9.06,AR,1727217874
41,thompson,55.7435,-97.8558,286.24,94,100,3.09,CA,1727217839
42,polyarnyy,69.1989,33.4478,280.73,92,100,8.19,RU,1727217662
43,fisterra,42.9049,-9.2629,290.43,96,100,7.4,ES,1727217878
44,nguigmi,14.2495,13.1092,301.08,67,1,10.92,NE,1727217879
45,east london,-33.0153,27.9116,293.17,76,51,6.59,ZA,1727217622
46,hinton,53.4001,-117.5857,293.9,49,8,2.87,CA,1727217882
47,santo antonio do ica,-3.1022,-67.9397,304.13,39,61,0.32,BR,1727217883
48,shingu,33.7333,135.9833,296.42,67,48,3.61,JP,1727217884
49,yarmouth,41.7057,-70.2286,289.83,83,75,4.63,US,1727217885
50,hermanus,-34.4187,19.2345,284.15,87,100,2.96,ZA,1727217886
51,aasiaat,68.7098,-52.8699,273.6,81,81,0.23,GL,1727217707
52,luderitz,-26.6481,15.1594,286.46,83,15,2.49,NA,1727217889
53,san juanito,28.0,-107.5833,297.75,26,15,1.33,MX,1727217890
54,shimoda,34.6667,138.95,294.69,70,75,9.13,JP,1727217891
55,sarmiento,-45.5882,-69.07,280.82,36,19,9.58,AR,1727217892
56,punta arenas,-53.15,-70.9167,273.21,100,75,11.32,CL,1727217808
57,lebu,-37.6167,-73.65,282.32,80,18,1.74,CL,1727217895
58,veinticinco de mayo,-35.4323,-60.1727,288.7,56,75,1.79,AR,1727217896
59,kapuskasing,49.4169,-82.4331,287.2,88,100,2.57,CA,1727217897
60,grytviken,-54.2811,-36.5092,272.29,79,78,4.72,GS,1727217898
61,bilibino,68.0546,166.4372,271.26,76,96,0.89,RU,1727217899
62,mora,11.0461,14.1401,296.56,79,96,0.99,CM,1727217901
63,bethel,41.3712,-73.414,290.34,81,75,2.06,US,1727217655
64,san jose de guanipa,8.8872,-64.1651,303.72,54,80,1.69,VE,1727217903
65,hamilton,39.1834,-84.5333,296.17,87,0,5.14,US,1727217820
66,ola,59.5833,151.2833,278.87,45,1,2.48,RU,1727217905
67,mahibadhoo,3.7833,72.9667,301.62,76,21,9.17,MV,1727217906
68,klyuchi,52.2667,79.1667,276.52,68,4,3.17,RU,1727217908
69,santanyi,39.3546,3.1291,295.29,80,100,3.33,ES,1727217807
70,sinabang,2.4803,96.3801,299.95,83,100,1.18,ID,1727217910
71,sao paulo de olivenca,-3.3783,-68.8725,305.85,36,95,0.94,BR,1727217911
72,ulmeni,47.4667,23.3,290.45,56,100,0.65,RO,1727217912
73,al jadid,27.05,14.4,304.11,36,2,8.8,LY,1727217914
74,eydhafushi,5.1033,73.0708,301.44,76,21,8.37,MV,1727217915
75,utrik,11.2278,169.8474,301.54,74,59,2.66,MH,1727217916
76,constantia,44.1833,28.65,289.65,80,20,2.46,RO,1727217917
77,aktau,43.65,51.2,291.47,54,94,10.69,KZ,1727217918
78,pangody,65.85,74.4859,273.97,97,100,8.67,RU,1727217920
79,ubinskoye,55.3068,79.6802,273.69,83,13,4.73,RU,1727217921
80,pasuquin,18.3328,120.6177,299.12,100,40,1.03,PH,1727217922
81,imbituba,-28.24,-48.6703,292.33,92,0,6.69,BR,1727217924
82,ifrane,33.3333,-5.25,287.75,71,12,0.87,MA,1727217926
83,howrah,22.5892,88.3103,300.15,94,75,2.06,IN,1727217927
84,el bauga,18.262,33.9081,308.54,16,35,4.79,SD,1727217929
85,lumut,4.2323,100.6298,299.16,89,20,0.0,MY,1727217930
86,shache,38.4167,77.2406,294.45,29,0,1.87,CN,1727217932
87,saint-pierre,-21.3393,55.4781,293.97,73,0,2.06,RE,1727217933
88,longyearbyen,78.2186,15.6401,269.06,74,20,1.54,SJ,1727217934
89,kenai,60.5544,-151.2583,283.79,84,100,4.12,US,1727217935
90,kolondieba,11.0882,-6.8926,296.71,94,95,2.14,ML,1727217936
91,lobujya,27.95,86.8167,275.01,83,100,1.58,NP,1727217938
92,flying fish cove,-10.4217,105.6791,297.97,94,100,3.09,CX,1727217939
93,hithadhoo,-0.6,73.0833,301.01,75,86,5.38,MV,1727217940
94,boa vista,2.8197,-60.6733,307.14,43,40,2.06,BR,1727217745
95,taber,49.8167,-112.1518,302.15,32,1,2.06,CA,1727217733
96,puerto armuelles,8.2833,-82.8667,297.64,91,100,2.24,PA,1727217944
97,nabire,-3.3667,135.4833,299.81,70,81,1.12,ID,1727217945
98,north battleford,52.7834,-108.2847,299.2,38,0,4.63,CA,1727217946
99,albany,42.6001,-73.9662,290.17,64,52,0.45,US,1727217822
100,dudinka,69.4058,86.1778,276.62,87,90,5.86,RU,1727217948
101,college,64.8569,-147.8028,281.14,61,100,0.0,US,1727217949
102,avarua,-21.2078,-159.775,299.18,73,75,5.66,CK,1727217951
103,martapura,-3.4167,114.85,299.2,94,20,1.03,ID,1727217952
104,iskateley,67.6803,53.1512,272.29,76,12,2.46,RU,1727217953
105,caiaponia,-16.9567,-51.8103,302.1,21,54,1.92,BR,1727217954
106,mount pearl,47.5166,-52.7813,283.79,94,100,4.63,CA,1727217955
107,stanley,54.868,-1.6985,281.08,90,20,2.57,GB,1727217957
108,tadine,-21.55,167.8833,298.08,64,10,5.85,NC,1727217958
109,ilulissat,69.2167,-51.1,277.16,75,97,0.0,GL,1727217959
110,nakuru,-0.2833,36.0667,288.14,79,84,2.35,KE,1727217960
111,carnot,4.9409,15.8665,293.58,97,95,0.62,CF,1727217962
112,nueva gerona,21.8833,-82.8,300.0,81,100,10.35,CU,1727217963
113,kingston,17.997,-76.7936,300.68,78,40,5.14,JM,1727217696
114,meizhou,24.2977,116.1072,296.72,99,100,0.48,CN,1727217965
115,pacocha,-17.5833,-71.3333,288.82,86,4,1.88,PE,1727217968
116,laayoune,27.1622,-13.2032,294.34,100,20,7.72,EH,1727217969
117,bridgewater,44.3835,-64.5155,289.97,72,91,4.12,CA,1727217970
118,palmer,42.1584,-72.3287,290.33,64,75,0.0,US,1727217749
119,jamestown,42.097,-79.2353,289.83,94,100,4.63,US,1727217973
120,petropavlovsk-kamchatsky,53.0452,158.6483,283.48,62,20,3.0,RU,1727217974
121,sitka,57.0531,-135.33,286.09,71,75,3.09,US,1727217975
122,port elizabeth,-33.918,25.5701,290.55,96,20,7.72,ZA,1727217976
123,sault ste. marie,46.5168,-84.3333,289.31,100,100,4.12,CA,1727217847
124,port mathurin,-19.6833,63.4167,295.26,76,10,9.77,MU,1727217978
125,puerto ayora,-0.7393,-90.3518,292.9,95,94,2.68,EC,1727217980
126,dunedin,-45.8742,170.5036,284.35,41,45,1.32,NZ,1727217981
127,mityana,0.4175,32.0228,291.79,67,95,0.84,UG,1727217982
128,nagornyy,52.7959,83.5498,277.94,68,99,2.39,RU,1727217983
129,sao joao da barra,-21.6403,-41.0511,297.2,85,0,9.89,BR,1727217984
130,afaahiti,-17.75,-149.2833,297.98,75,56,2.89,PF,1727217987
131,bechar,31.6167,-2.2167,296.33,73,20,3.6,DZ,1727217988
132,molo,-0.2479,35.7374,285.3,86,99,1.03,KE,1727217989
133,olonkinbyen,70.9221,-8.7187,274.42,81,37,7.84,SJ,1727217990
134,vorkuta,67.5,64.0,273.14,91,99,11.68,RU,1727217992
135,kudahuvadhoo,2.6708,72.8944,301.96,74,17,9.04,MV,1727217993
136,udomlya,57.8794,34.9925,283.86,70,36,2.84,RU,1727217994
137,betio village,1.358,172.9211,303.17,65,34,2.41,KI,1727217995
138,qaqortoq,60.7167,-46.0333,276.96,94,34,2.5,GL,1727217996
139,laguna,38.421,-121.4238,311.61,22,0,0.89,US,1727217997
140,vilyuysk,63.7553,121.6247,280.74,87,100,3.57,RU,1727217999
141,gilmer,32.7287,-94.9424,303.25,45,0,2.06,US,1727217743
142,lerwick,60.1545,-1.1494,282.11,75,20,8.35,GB,1727218001
143,lorengau,-2.0226,147.2712,301.75,77,97,4.5,PG,1727218002
144,prince george,53.9166,-122.753,292.84,72,75,4.12,CA,1727218002
145,ostersund,63.1792,14.6357,280.4,100,100,2.68,SE,1727218005
146,beaufort west,-32.3567,22.583,289.48,56,100,2.38,ZA,1727217906
147,tura,25.5198,90.2201,296.78,99,100,1.31,IN,1727218007
148,poronaysk,49.2167,143.1167,286.56,82,76,2.2,RU,1727217941
149,georgetown,5.4112,100.3354,299.79,87,20,1.03,MY,1727217938
150,general conesa,-40.1,-64.4333,289.52,17,4,7.5,AR,1727218011
151,san patricio,28.017,-97.5169,299.12,57,61,5.94,US,1727218012
152,atafu village,-8.5421,-172.5159,301.28,79,85,5.4,TK,1727218013
153,mossel bay,-34.1831,22.146,288.11,90,100,0.94,ZA,1727218014
154,revda,56.801,59.9303,273.93,78,59,2.77,RU,1727218017
155,cam ranh,11.9214,109.1591,299.13,89,20,1.03,VN,1727218018
156,vadso,70.0744,29.7487,283.24,87,20,8.75,NO,1727218019
157,samana,19.2056,-69.3369,298.78,87,0,2.59,DO,1727218020
158,el granada,37.5027,-122.4694,300.29,60,20,7.2,US,1727218021
159,pisco,-13.7,-76.2167,291.18,77,0,8.23,PE,1727218024
160,sokoni,-6.4333,39.55,298.23,76,21,6.35,TZ,1727218025
161,barro alto,-11.7608,-41.9117,298.89,40,85,5.61,BR,1727218026
162,bathsheba,13.2167,-59.5167,301.49,83,40,4.63,BB,1727218027
163,klaksvik,62.2266,-6.589,278.58,70,100,5.25,FO,1727218029
164,anadyr,64.75,177.4833,282.43,66,0,4.0,RU,1727218030
165,jinxiang,27.4327,120.6062,296.59,90,100,2.46,CN,1727218031
166,seosan,36.7817,126.4522,293.98,75,73,1.37,KR,1727218032
167,shalqar,47.8333,59.6,286.27,31,100,7.02,KZ,1727218033
168,saint joseph,39.7686,-94.8466,294.93,60,100,10.8,US,1727218035
169,taro,-8.3862,115.28,293.61,96,46,0.42,ID,1727218036
170,bodo,67.28,14.405,281.17,75,40,3.09,NO,1727218037
171,isafjordur,66.0755,-23.124,273.36,84,96,7.35,IS,1727218038
172,pointe-noire,-4.7761,11.8635,297.16,88,35,3.01,CG,1727218040
173,geraldton,-28.7667,114.6,285.38,82,0,4.63,AU,1727218041
174,udachny,66.4167,112.4,276.56,84,64,4.04,RU,1727218042
175,oyem,1.5995,11.5793,292.44,99,96,1.16,GA,1727218043
176,tulun,54.5611,100.5792,277.15,87,99,4.4,RU,1727218046
177,tolbazy,54.0241,55.8825,276.85,59,7,0.62,RU,1727218047
178,khandyga,62.6667,135.6,275.54,75,100,1.34,RU,1727218048
179,kattivakkam,13.2167,80.3167,301.2,94,100,5.22,IN,1727218049
180,nemuro,43.3236,145.575,287.45,70,36,5.54,JP,1727218050
181,basco,20.4487,121.9702,301.79,77,100,1.48,PH,1727218051
182,enewetak,11.3474,162.3373,302.09,75,92,5.15,MH,1727218053
183,bubaque,11.2833,-15.8333,300.28,82,100,4.4,GW,1727218054
184,suva,-18.1416,178.4415,296.77,74,100,6.29,FJ,1727217726
185,nikolayevsk-on-amure,53.1406,140.73,287.16,64,62,0.08,RU,1727218056
186,st. john's,47.5649,-52.7093,284.25,94,100,6.26,CA,1727218056
187,vikulovo,56.8167,70.6107,275.67,89,50,4.92,RU,1727218058
188,kabompo,-13.5927,24.2008,293.47,30,10,4.29,ZM,1727218060
189,fortuna,40.5982,-124.1573,293.66,73,20,4.12,US,1727218061
190,carauari,-4.8828,-66.8958,307.16,30,92,0.66,BR,1727218033
191,espanola,35.9911,-106.0806,302.37,16,5,1.9,US,1727218063
192,ataq,14.5377,46.8319,300.47,47,97,2.73,YE,1727218064
193,altai,46.3722,96.2583,278.8,44,44,2.48,MN,1727218066
194,egilsstadir,65.2653,-14.3948,275.1,93,100,5.14,IS,1727218067
195,balykshi,47.0667,51.8667,288.15,67,40,3.0,KZ,1727218068
196,katsuura,35.1333,140.3,295.15,75,100,10.07,JP,1727218069
197,la ronge,55.1001,-105.2842,295.27,49,40,4.12,CA,1727218070
198,remire-montjoly,4.9167,-52.2667,301.17,83,0,2.57,GF,1727218071
199,'alaqahdari dishu,30.4374,63.313,300.62,15,37,3.04,AF,1727218073
200,demmin,53.9076,13.0314,285.52,93,49,5.95,DE,1727218074
201,concepcion,-36.827,-73.0498,285.04,71,40,5.14,CL,1727217979
202,benjamin hill,30.1667,-111.1,309.25,11,0,3.14,MX,1727217974
203,whitehorse,60.7161,-135.0538,284.58,55,75,7.2,CA,1727218077
204,santa rosa de lima,13.6247,-87.8936,299.65,94,97,0.66,SV,1727217901
205,tsiroanomandidy,-18.7667,46.0333,294.59,62,63,2.79,MG,1727218080
206,tyup,42.7276,78.3648,285.36,68,65,1.34,KG,1727218081
207,murghob,38.1702,73.9667,280.17,24,0,1.83,TJ,1727218082
208,happy valley-goose bay,53.3168,-60.3315,285.32,66,40,0.0,CA,1727217967
209,fale old settlement,-9.3852,-171.2468,301.61,77,25,5.2,TK,1727218084
210,badger,64.8,-147.5333,282.08,65,100,0.0,US,1727218086
211,tofol,5.3248,163.0078,304.03,70,75,1.54,FM,1727218087
212,bel ombre,-4.6167,55.4167,300.06,74,20,4.63,SC,1727218088
213,okhtyrka,50.3104,34.8988,286.67,42,0,3.32,UA,1727218089
214,christchurch,-43.5333,172.6333,286.66,65,86,3.6,NZ,1727218066
215,tiksi,71.6872,128.8694,273.09,95,100,7.5,RU,1727218092
216,san pedro,14.35,121.0167,301.66,86,20,1.79,PH,1727218093
217,feijo,-8.1642,-70.3536,300.29,66,79,0.66,BR,1727218094
218,dryden,49.7833,-92.7503,289.31,72,100,4.12,CA,1727218095
219,mocimboa,-11.3167,40.35,296.43,81,24,3.82,MZ,1727218096
220,abdanan,32.9926,47.4198,298.13,33,0,3.0,IR,1727218097
221,crane,31.3974,-102.3501,305.29,30,0,3.33,US,1727218100
222,bassila,9.0081,1.6654,295.39,96,88,1.53,BJ,1727218101
223,gangtok,27.3333,88.6167,292.84,86,100,1.35,IN,1727218102
224,north ward,-19.2454,146.8075,297.1,73,20,5.14,AU,1727218104
225,devonport,-41.1667,146.35,281.77,91,100,4.12,AU,1727218105
226,port-vila,-17.7338,168.3219,299.93,78,75,6.69,VU,1727218106
227,port saint john's,-31.6229,29.5448,294.17,83,44,7.52,ZA,1727218107
228,odienne,9.51,-7.5692,295.18,98,99,1.74,CI,1727218108
229,regeneracao,-6.2378,-42.6883,305.2,30,69,1.14,BR,1727218110
230,papatowai,-46.5619,169.4708,284.31,48,88,3.04,NZ,1727218111
231,siwa oasis,29.2041,25.5195,300.91,37,0,4.7,EG,1727218112
232,messini,37.0511,22.0078,295.47,82,20,0.0,GR,1727218113
233,kolonia,50.9333,6.95,289.24,88,100,3.6,DE,1727218114
234,howard springs,-12.497,131.047,300.86,82,35,1.91,AU,1727218116
235,inhambane,-23.865,35.3833,293.22,71,4,3.07,MZ,1727218117
236,nova sintra,14.8667,-24.7167,300.81,81,86,6.72,CV,1727218118
237,turpan,42.9333,89.1667,299.57,29,90,1.1,CN,1727218119
238,udgir,18.3833,77.1167,296.57,89,100,1.11,IN,1727218120
239,weno,7.4515,151.8468,302.12,84,100,4.12,FM,1727218122
240,chegdomyn,51.1167,133.0167,284.2,80,100,0.67,RU,1727218123
241,bossangoa,6.4926,17.4552,293.6,98,85,0.48,CF,1727218124
242,ulladulla,-35.35,150.4667,295.2,50,100,4.26,AU,1727218125
243,nampula,-15.1165,39.2666,292.12,72,0,3.13,MZ,1727218126
244,lashio,22.9333,97.75,293.01,100,100,0.36,MM,1727218065
245,tejen,37.3834,60.5054,298.48,23,0,7.34,TM,1727218129
246,patzcuaro,19.5167,-101.6,291.47,89,91,1.87,MX,1727218131
247,nuku'alofa,-21.1333,-175.2,295.34,88,75,3.09,TO,1727218132
248,ayaviri,-14.8864,-70.5889,285.77,47,82,5.03,PE,1727218134
249,carnarvon,-24.8667,113.6333,290.73,58,0,7.47,AU,1727218135
250,arafat,39.0344,44.6198,285.44,51,49,0.65,IR,1727218136
251,aldinga beach,-35.2793,138.4604,288.52,83,99,2.59,AU,1727218137
252,vanimo,-2.6741,141.3028,299.7,86,100,0.45,PG,1727218138
253,verkhnevilyuysk,63.4453,120.3167,280.92,88,100,3.11,RU,1727218140
254,hirara,24.8,125.2833,300.3,94,75,2.57,JP,1727218141
255,essaouira,31.5125,-9.77,294.87,64,12,4.12,MA,1727218142
256,pierre,44.3683,-100.351,301.08,31,75,2.57,US,1727218143
257,vilyuchinsk,52.9306,158.4028,284.3,66,100,4.78,RU,1727218145
258,smithers,54.7804,-127.1743,284.33,93,100,2.06,CA,1727218147
259,puerto ayacucho,5.6639,-67.6236,301.46,74,49,2.54,VE,1727218148
260,mugia,43.1041,-9.2179,290.88,95,100,6.82,ES,1727218150
261,selfoss,63.9331,-20.9971,276.51,76,25,5.33,IS,1727218151
262,sandnessjoen,66.0217,12.6316,282.1,68,100,1.81,NO,1727218152
263,wanxian,30.8039,108.3897,297.21,64,99,1.25,CN,1727218153
264,opuwo,-18.0607,13.84,297.46,44,81,2.32,NA,1727218154
265,susuman,62.7833,148.1667,272.92,46,49,1.83,RU,1727218156
266,arraial do cabo,-22.9661,-42.0278,296.13,73,0,8.23,BR,1727218157
267,huarmey,-10.0681,-78.1522,291.49,84,69,4.73,PE,1727218158
268,zharkent,44.1628,80.0,290.07,65,69,3.77,KZ,1727218159
269,kapa'a,22.0752,-159.319,302.86,65,20,6.17,US,1727218160
270,hadibu,12.65,54.0333,298.6,85,43,6.51,YE,1727218162
271,kerikeri,-35.2268,173.9474,290.19,45,51,2.27,NZ,1727218163
272,uttarkashi,30.7333,78.45,291.92,91,73,0.54,IN,1727218164
273,hakha,22.65,93.6167,291.33,100,100,0.66,MM,1727218165
274,island harbour,50.724,-1.2758,287.03,71,95,4.14,GB,1727218166
275,anapa,44.8908,37.3239,290.34,63,0,4.0,RU,1727218122
276,newman,37.3138,-121.0208,310.4,9,0,1.97,US,1727218169
277,mandalgovi,45.7625,106.2708,281.4,60,3,3.54,MN,1727218170
278,asau,46.4333,26.4,286.65,59,98,1.87,RO,1727218171
279,lyubotyn,49.95,35.9667,286.28,35,0,3.19,UA,1727218172
280,loiza,18.4313,-65.8802,304.14,77,40,4.12,PR,1727218174
281,aykhal,66.0,111.5,275.0,85,44,4.4,RU,1727218177
282,port alfred,-33.5906,26.891,291.03,93,91,1.79,ZA,1727218179
283,colonia,50.9333,6.95,289.24,88,100,3.6,DE,1727218180
284,yatou,37.15,122.3833,292.19,81,0,1.09,CN,1727218181
285,tianshui,34.5439,105.6897,289.91,90,72,1.31,CN,1727218182
286,baiyin,36.5583,104.2081,288.01,65,31,1.69,CN,1727218183
287,palanga,55.9175,21.0686,294.16,49,0,8.23,LT,1727218184
288,arkalyk,50.2486,66.9114,278.24,55,80,3.55,KZ,1727218186
289,lethem,3.3803,-59.7968,301.21,68,99,2.48,GY,1727218187
290,nogliki,51.8333,143.1667,286.13,78,37,4.43,RU,1727218188
291,zaozersk,69.4005,32.4476,280.68,92,100,4.43,RU,1727218189
292,gizo,-8.103,156.8419,301.45,75,30,2.42,SB,1727218190
293,ghanzi,-21.5667,21.7833,297.15,39,89,2.46,BW,1727218192
294,brisas de zicatela,15.8369,-97.0419,297.44,94,100,3.09,MX,1727218193
295,bakanas,44.8081,76.2772,288.44,42,57,3.49,KZ,1727218194
296,lockwood,45.8191,-108.4149,301.71,35,0,5.14,US,1727218195
297,khovd,48.0056,91.6419,282.82,42,100,3.7,MN,1727218196
298,cabo san lucas,22.8909,-109.9124,301.02,66,3,6.93,MX,1727218199
299,guigang,23.0964,109.6092,294.98,93,100,1.34,CN,1727218200
300,nowshahr,36.649,51.496,296.12,94,75,1.03,IR,1727218201
301,kodiak,57.79,-152.4072,283.88,62,100,3.09,US,1727218203
302,coquimbo,-29.9533,-71.3436,289.0,66,0,4.63,CL,1727218204
303,caleta de carquin,-11.0925,-77.6267,291.19,85,64,5.99,PE,1727218205
304,bikenibeu village,1.3673,173.1241,303.13,70,20,2.06,KI,1727218206
305,am timan,11.0297,20.2827,294.96,89,94,0.42,TD,1727218208
306,chandbali,20.7833,86.7667,299.04,93,100,3.5,IN,1727218209
307,hami,42.8,93.45,293.14,28,77,3.66,CN,1727218210
308,brookings,44.3114,-96.7984,295.15,47,0,6.17,US,1727218135
309,tobelo,1.7284,128.0095,300.69,78,94,1.05,ID,1727218212
310,guelmim,28.987,-10.0574,291.34,88,0,3.6,MA,1727218214
311,solleftea,63.1667,17.2667,286.07,98,100,0.29,SE,1727218215
312,tazovsky,67.4667,78.7,276.3,97,100,4.96,RU,1727218216
313,san clemente del tuyu,-36.3569,-56.7235,286.07,79,67,5.78,AR,1727218217
314,itoman,26.1247,127.6694,301.16,91,75,4.63,JP,1727218218
315,svay rieng,11.0879,105.7993,299.0,87,98,1.39,KH,1727218220
316,segezha,63.7415,34.3222,283.42,83,100,4.79,RU,1727218221
317,fonte boa,-2.4959,-66.2662,306.19,36,94,0.47,BR,1727218222
318,santana,-0.0583,-51.1817,303.25,74,0,5.66,BR,1727218223
319,codrington,-38.2667,141.9667,283.19,84,100,5.7,AU,1727218224
320,karratha,-20.7377,116.8463,297.19,73,0,2.31,AU,1727218226
321,filey,54.21,-0.2892,282.47,90,27,0.89,GB,1727218227
322,keflavik,64.0049,-22.5624,276.39,70,40,10.29,IS,1727218228
323,ancud,-41.8697,-73.8203,279.63,69,38,4.52,CL,1727218088
324,escarcega,18.6089,-90.7454,302.95,60,100,3.32,MX,1727218232
325,srivardhan,18.0333,73.0167,298.53,96,100,3.48,IN,1727218233
326,port lincoln,-34.7333,135.8667,287.62,85,80,6.88,AU,1727218234
327,saint-joseph,-21.3667,55.6167,293.36,81,20,4.34,RE,1727218237
328,labrador city,52.9463,-66.9114,287.1,62,75,1.54,CA,1727218212
329,palikir - national government center,6.9248,158.1611,301.56,79,100,3.09,FM,1727218242
330,kailaras,26.3167,77.6167,301.46,68,17,1.27,IN,1727218243
331,lazaro cardenas,17.9583,-102.2,301.18,76,100,2.16,MX,1727218244
332,azcapotzalco,19.4889,-99.1836,293.07,66,100,2.06,MX,1727218172
333,wynyard,-41.0,145.7167,284.92,69,100,0.45,AU,1727218246
334,lata,40.1629,-8.3327,288.89,96,100,1.51,PT,1727218248
335,al lagowa,11.4,29.1333,297.18,74,94,2.69,SD,1727218249
336,nova olinda do norte,-3.8881,-59.0942,300.12,57,90,1.11,BR,1727218250
337,durres,41.3231,19.4414,295.25,75,21,3.47,AL,1727218251
338,alesund,62.4723,6.1549,284.12,72,75,8.75,NO,1727218252
339,mejit,10.2753,170.8646,301.34,74,13,2.47,MH,1727218254
340,annau,37.8876,58.516,299.87,39,0,7.2,TM,1727218255
341,praia da vitoria,38.7333,-27.0667,298.29,78,40,7.7,PT,1727218256
342,magny-en-vexin,49.1552,1.7867,286.21,94,0,2.57,FR,1727218257
343,nishinoomote,30.7333,131.0,300.27,77,50,11.39,JP,1727218258
344,freetown,8.484,-13.2299,297.99,94,75,4.63,SL,1727218260
345,namibe,-15.1961,12.1522,291.78,84,79,0.88,AO,1727218261
346,amga,60.8953,131.9608,276.56,73,37,1.68,RU,1727218262
347,domoni,-12.2569,44.5319,296.97,86,19,0.72,KM,1727218263
348,princeville,45.7668,-61.2985,287.77,82,100,3.09,CA,1727218264
349,jaguaribe,-5.8906,-38.6219,302.89,41,81,4.88,BR,1727218266
350,bela,25.9333,81.9833,298.82,91,90,2.66,IN,1727218267
351,dauphin,51.1494,-100.0502,297.23,43,0,6.17,CA,1727218239
352,severo-yeniseyskiy,60.3725,93.0408,274.01,90,99,4.89,RU,1727218269
353,yuzhno-kurilsk,44.0306,145.8556,287.87,69,35,5.44,RU,1727218270
354,carutapera,-1.195,-46.02,298.73,77,26,4.61,BR,1727218272
355,queenstown,-31.8976,26.8753,285.86,88,53,0.85,ZA,1727218093
356,taloqan,36.7361,69.5345,293.79,30,0,0.9,AF,1727218277
357,eastham,41.8301,-69.9739,288.75,87,99,1.34,US,1727218278
358,bunia,1.5667,30.25,292.65,73,86,1.0,CD,1727218279
359,kitimat,54.0524,-128.6534,285.2,26,100,0.6,CA,1727218164
360,nago,26.5881,127.9761,299.83,88,65,1.57,JP,1727218282
361,gornyatskiy,48.2915,40.9575,284.34,35,9,3.4,RU,1727218283
362,vitoria de santo antao,-8.1181,-35.2914,294.15,91,59,3.6,BR,1727218284
363,bozhou,33.8772,115.7703,290.43,74,49,1.3,CN,1727218285
364,akrehamn,59.2667,5.1833,282.29,87,20,1.03,NO,1727218286
365,lhasa,29.65,91.1,284.31,67,100,1.48,CN,1727218288
366,salalah,17.0151,54.0924,300.2,78,75,2.57,OM,1727218289
367,taunggyi,20.7833,97.0333,291.94,97,100,1.13,MM,1727218290
368,mek'ele,13.4967,39.4753,289.71,71,70,0.62,ET,1727218291
369,korla,41.7597,86.1469,294.07,37,54,2.97,CN,1727218292
370,biloela,-24.4167,150.5,295.0,51,51,4.49,AU,1727218085
371,hotan,37.0997,79.9269,295.66,21,0,1.6,CN,1727218295
372,sao tome,0.3365,6.7273,298.33,86,96,2.98,ST,1727218296
373,vila franca do campo,37.7167,-25.4333,297.38,89,85,6.49,PT,1727218297
374,mikomeseng,2.1361,10.6132,292.93,100,98,0.54,GQ,1727218298
375,bulungu,-4.55,18.6,297.33,76,83,1.22,CD,1727218300
376,nkhata bay,-11.6066,34.2907,294.78,68,4,1.92,MW,1727218301
377,cockburn town,21.4612,-71.1419,302.23,76,45,6.01,TC,1727218259
378,luena,-11.7833,19.9167,291.49,35,41,1.32,AO,1727218303
379,juan griego,11.0817,-63.9655,306.22,58,44,4.63,VE,1727218304
380,menaka,15.9182,2.4022,306.66,40,43,4.79,ML,1727218306
381,fort bragg,35.139,-79.006,301.06,71,0,3.09,US,1727218307
382,comacchio,44.6975,12.1858,293.15,63,99,6.17,IT,1727218308
383,kailua-kona,19.6406,-155.9956,303.13,71,20,5.14,US,1727218309
384,karpinsk,59.7654,60.0085,275.4,89,86,2.76,RU,1727218310
385,buka,40.8108,69.1986,290.46,30,0,0.97,UZ,1727218312
386,teknaf,20.8624,92.3058,299.53,91,100,5.52,BD,1727218313
387,phan rang-thap cham,11.5667,108.9833,297.27,93,31,1.8,VN,1727218314
388,cozumel,20.5083,-86.9458,300.34,94,100,4.12,MX,1727218227
389,tanjung selor,2.8372,117.3642,297.93,97,99,0.67,ID,1727218316
390,tupiza,-21.45,-65.7167,288.73,34,69,5.12,BO,1727218318
391,laojunmiao,39.8333,97.7333,286.8,56,57,0.85,CN,1727218319
392,arcos,-20.2819,-45.5394,300.13,28,12,1.16,BR,1727218320
393,port shepstone,-30.7414,30.455,294.28,78,0,7.4,ZA,1727218321
394,port blair,11.6667,92.75,300.21,84,100,5.76,IN,1727218322
395,campina verde,-19.5356,-49.4864,305.38,17,37,0.76,BR,1727218324
396,tiquipaya,-17.3382,-66.2189,298.55,21,40,2.57,BO,1727218325
397,anloga,5.7947,0.8973,298.57,89,34,3.61,GH,1727218326
398,eirunepe,-6.6603,-69.8736,304.49,43,95,1.62,BR,1727218327
399,gao,16.6362,1.637,306.39,36,7,3.94,ML,1727218328
400,zaragoza,41.6561,-0.8773,293.72,55,75,1.34,ES,1727218330
401,karatau,43.1667,70.4667,287.68,34,94,1.19,KZ,1727218331
402,srisailain,16.0833,78.8667,295.47,98,100,2.41,IN,1727218332
403,bongor,10.2806,15.3722,296.01,87,100,1.74,TD,1727218333
404,hashtrud,37.4779,47.0508,289.03,31,100,2.67,IR,1727218156
405,chonchi,-42.6128,-73.8092,280.44,85,45,1.63,CL,1727218335
406,tolanaro,-25.0319,46.9987,292.19,94,75,4.12,MG,1727218337
407,razole,16.4833,81.8333,297.9,97,100,1.18,IN,1727218338
408,ta`u,-14.2336,-169.5144,299.6,83,24,5.86,AS,1727218339
409,hovd,48.0056,91.6419,282.82,42,100,3.7,MN,1727218340
410,fort william,56.8165,-5.1121,274.99,91,49,0.89,GB,1727218341
411,lezignan-corbieres,43.1976,2.7614,288.93,82,4,0.89,FR,1727218343
412,northam,51.0333,-4.2167,285.71,88,100,2.87,GB,1727218344
413,byaroza,52.5314,24.9786,287.55,63,47,3.98,BY,1727218345
414,kyela,-9.5833,33.85,293.86,78,25,1.01,TZ,1727218346
415,tsetserleg,47.475,101.4542,276.55,67,13,2.42,MN,1727218348
416,san luis de la loma,17.2706,-100.8939,298.41,88,100,0.94,MX,1727218349
417,uliastay,47.7417,96.8444,276.73,56,48,1.67,MN,1727218350
418,minggang,32.4586,114.0486,291.87,67,100,0.79,CN,1727218351
419,namp'o,38.7375,125.4078,291.44,74,95,1.67,KP,1727218354
420,puerto aysen,-45.4,-72.7,276.45,99,96,2.14,CL,1727218355
421,red bluff,40.1785,-122.2358,310.22,14,0,3.09,US,1727218356
422,zintan,31.9223,12.252,295.94,63,39,1.88,LY,1727218357
423,nagqu,31.5,92.0,271.97,80,69,1.41,CN,1727218358
424,maceio,-9.6658,-35.7353,296.84,88,20,2.57,BR,1727218101
425,faya-largeau,17.9257,19.1043,308.64,20,6,4.52,TD,1727218361
426,turkmenbasy,40.0222,52.9552,294.58,78,75,5.14,TM,1727218362
427,brcko,44.8728,18.8083,289.66,83,97,2.27,BA,1727218363
428,villa gesell,-37.2639,-56.973,284.61,75,100,4.38,AR,1727218255
429,ekenas,59.9736,23.4339,289.76,91,100,5.0,FI,1727218366
430,nieuw amsterdam,5.8833,-55.0833,303.16,66,20,5.14,SR,1727218367
431,kuressaare,58.2481,22.5039,292.56,72,100,7.72,EE,1727218368
432,kursavka,44.4564,42.5093,285.25,58,91,2.5,RU,1727218370
433,morehead city,34.7229,-76.726,298.18,77,20,3.09,US,1727218371
434,paysandu,-32.3214,-58.0756,287.12,94,100,5.16,UY,1727218372
435,bac lieu,9.285,105.7244,298.84,85,90,1.16,VN,1727218373
436,montelibano,7.9829,-75.4229,300.22,84,94,1.43,CO,1727218375
437,afif,23.9065,42.9172,298.9,16,0,4.21,SA,1727218376
438,merida,20.9667,-89.6167,303.16,74,75,3.6,MX,1727218139
439,hobyo,5.3505,48.5268,297.96,83,24,10.47,SO,1727218378
440,tshela,-4.9833,12.9333,296.57,88,53,0.94,CD,1727218379
441,tashla,51.7716,52.7427,278.48,53,26,3.46,RU,1727218381
442,namtsy,62.7161,129.6658,275.38,87,76,2.06,RU,1727218382
443,praskoveya,44.7444,44.2031,286.06,58,57,2.91,RU,1727218383
444,victorica,-36.2151,-65.4359,291.47,22,41,3.93,AR,1727218384
445,jijiga,9.35,42.8,292.05,68,54,2.42,ET,1727218385
446,waseca,44.0777,-93.5074,295.09,52,0,3.09,US,1727218386
447,tanumah,27.1,44.1333,299.94,24,0,2.98,SA,1727218388
448,qamdo,31.1667,97.2333,277.2,62,89,0.36,CN,1727218389
449,ghardaia,32.4909,3.6735,299.79,36,40,3.6,DZ,1727218390
450,labytnangi,66.6572,66.4183,275.24,68,95,8.45,RU,1727218391
451,sos'va,59.1766,61.8558,276.18,87,88,2.58,RU,1727218392
452,farkhor,37.4922,69.4036,295.48,28,0,2.19,TJ,1727218394
453,mogocha,53.7333,119.7667,279.32,81,4,0.14,RU,1727218309
454,saint-philippe,-21.3585,55.7679,294.33,81,32,4.81,RE,1727218396
455,arapgir,39.0412,38.4952,289.8,56,43,2.65,TR,1727218397
456,ad dilam,23.9915,47.1627,302.6,18,1,2.69,SA,1727218398
457,saacow,1.6279,42.4407,297.09,73,71,6.48,SO,1727218400
458,monjaras,13.2006,-87.3742,303.46,87,100,2.94,HN,1727218401
459,vila velha,-20.3297,-40.2925,298.12,86,40,5.14,BR,1727218162
460,kununurra,-15.7667,128.7333,299.14,89,0,0.0,AU,1727218403
461,mohr,54.3528,9.7167,288.12,87,98,6.17,DE,1727218404
462,bahia de caraquez,-0.6,-80.4167,295.65,82,52,5.79,EC,1727218406
463,touros,-5.1989,-35.4608,297.91,75,2,7.63,BR,1727218407
464,buala,-8.145,159.5921,302.39,72,55,3.74,SB,1727218408
465,revelstoke,50.9832,-118.2023,293.16,64,75,1.03,CA,1727218409
466,tsiombe,-25.3,45.4833,293.09,89,61,3.32,MG,1727218411
467,forster,-32.1667,152.5167,295.37,42,90,2.96,AU,1727218412
468,luorong,24.4058,109.6086,295.53,80,100,0.52,CN,1727218413
469,ikalamavony,-21.15,46.5833,291.1,81,47,2.18,MG,1727218414
470,pingzhuang,42.0372,119.2889,286.14,83,100,3.49,CN,1727218415
471,antigonish,45.6169,-61.9986,289.16,80,100,1.73,CA,1727218417
472,siwana,25.6333,72.4167,302.74,60,23,2.5,IN,1727218419
473,bumba,2.1833,22.4667,294.1,98,100,2.25,CD,1727218420
474,ketchikan,55.3422,-131.6461,287.41,82,75,3.6,US,1727218267
475,sungailiat,-1.85,106.1333,298.12,89,95,1.99,ID,1727218422
476,dezhou,37.4486,116.2925,290.04,71,34,2.07,CN,1727218424
477,merizo village,13.2658,144.6691,302.58,86,93,0.98,GU,1727218425
478,male,4.1748,73.5089,300.12,94,75,7.72,MV,1727218426
479,santa cruz,-17.8,-63.1667,307.18,46,0,6.17,BO,1727218080
480,biltine,14.5333,20.9167,301.4,61,100,4.42,TD,1727218428
481,naze,28.3667,129.4833,298.66,87,62,3.98,JP,1727218430
482,wenatchee,47.4235,-120.3103,304.8,36,0,4.63,US,1727218218
483,kabalo,-6.05,26.9167,300.11,32,61,1.67,CD,1727218432
484,sanandaj,35.3144,46.9923,286.16,54,0,0.0,IR,1727218433
485,lashkar gah,31.5938,64.3716,297.83,15,2,2.03,AF,1727218434
486,massawa,15.6097,39.45,303.6,73,11,3.06,ER,1727218436
487,bouarfa,32.53,-1.95,293.57,68,23,2.49,MA,1727218437
488,antsiranana,-12.2787,49.2917,295.4,66,13,7.01,MG,1727218438
489,puerto tirol,-27.3722,-59.0821,295.15,83,100,3.6,AR,1727218439
490,kavaratti,10.5669,72.642,300.53,82,100,8.44,IN,1727218440
491,mount gambier,-37.8333,140.7667,281.45,96,100,3.94,AU,1727218442
492,palmas,-10.2128,-48.3603,306.08,40,20,1.03,BR,1727218292
493,la sarre,48.8002,-79.1996,287.48,96,100,3.64,CA,1727218444
494,alofi,-19.0595,-169.9187,297.09,78,100,5.14,NU,1727218445
495,pitimbu,-7.4706,-34.8086,297.82,75,8,6.09,BR,1727218196
496,margate,51.3813,1.3862,286.87,81,100,6.57,GB,1727218448
497,daru,-9.0763,143.2092,299.74,84,76,6.6,PG,1727218449
498,ongjin,37.9347,125.3619,292.26,82,94,3.03,KP,1727218450
499,uturoa,-16.7333,-151.4333,299.64,76,85,4.14,PF,1727218451
500,khartoum,15.5518,32.5324,306.25,33,100,4.67,SD,1727218392
501,bimbo,4.2567,18.4158,294.57,98,99,0.74,CF,1727218453
502,namdrik,5.5994,168.1028,301.87,72,20,3.15,MH,1727218455
503,broken hill,-31.95,141.4333,291.34,65,100,4.71,AU,1727218456
504,tarata,-17.6167,-66.0167,297.83,36,0,4.27,BO,1727218457
505,feodosiya,45.0333,35.3833,293.11,62,37,3.14,UA,1727218458
506,pont rouge,48.8833,-72.0825,286.98,77,62,2.47,CA,1727218459
507,porto novo,6.4965,2.6036,300.05,91,75,1.95,BJ,1727218191
508,at taj,24.2049,23.2857,301.56,32,0,4.83,LY,1727218462
509,istgah-e rah ahan-e garmsar,35.2346,52.3094,300.81,28,0,4.36,IR,1727218463
510,alaghsas,17.0187,8.0168,307.97,17,4,3.3,NE,1727218464
511,igarka,67.4667,86.5833,275.17,97,100,6.21,RU,1727218465
512,carupano,10.6678,-63.2585,300.66,84,15,5.54,VE,1727218467
513,manado,1.487,124.8455,298.58,94,20,2.06,ID,1727218468
514,umm kaddadah,13.6017,26.6876,301.95,55,50,5.31,SD,1727218469
515,kidal,18.4411,1.4078,307.23,23,43,4.34,ML,1727218470
516,luau,-10.7073,22.2247,296.71,36,71,1.29,AO,1727218471
517,kayangel,8.0823,134.7173,302.12,72,98,4.12,PW,1727218472
518,tommot,58.9564,126.2925,279.0,86,21,1.06,RU,1727218474
519,acarau,-2.8856,-40.12,298.35,82,8,7.76,BR,1727218475
520,naracoorte,-36.9579,140.7383,283.98,95,100,3.39,AU,1727218476
521,kousseri,12.0769,15.0306,298.13,100,20,0.51,CM,1727218477
522,hermansverk,61.1846,6.8502,282.4,100,100,1.03,NO,1727218478
523,xunchang,28.4543,104.715,295.69,85,94,1.35,CN,1727218480
524,luziania,-16.2525,-47.9503,300.7,27,27,3.52,BR,1727218481
525,balqash,46.8481,74.995,285.14,33,71,6.33,KZ,1727218482
526,foso,5.7012,-1.2866,296.17,92,85,1.4,GH,1727218483
527,yakeshi,49.2833,120.7333,280.54,80,4,0.99,CN,1727218484
528,barra de santo antonio,-9.4047,-35.5072,297.18,82,83,5.06,BR,1727218486
529,viedma,-40.8135,-62.9967,285.7,23,6,3.76,AR,1727218190
530,valparaiso,-33.0393,-71.6273,289.95,62,0,6.69,CL,1727218488
531,titlagarh,20.3,83.15,296.83,95,100,0.65,IN,1727218489
532,melilla,35.2937,-2.9383,295.36,46,0,4.63,ES,1727218203
533,fuensalida,40.0529,-4.2072,286.82,74,100,5.48,ES,1727218492
534,chardara,41.2547,67.9692,292.17,35,0,2.33,KZ,1727218493
535,letlhakane,-21.4167,25.5833,292.81,45,5,3.71,BW,1727218494
536,zheshart,62.0731,49.5733,274.71,80,54,1.61,RU,1727218495
537,tarime,-1.35,34.3667,293.48,59,89,1.64,TZ,1727218496
538,richards bay,-28.783,32.0377,292.72,71,21,6.83,ZA,1727218498
539,rio preto da eva,-2.6994,-59.6997,300.75,62,61,0.93,BR,1727218499
540,prince rupert,54.3161,-130.3201,285.98,82,100,6.69,CA,1727218500
541,safotu,-13.4513,-172.4018,300.32,84,25,4.92,WS,1727218501
542,tindouf,27.6711,-8.1474,302.4,54,20,2.06,DZ,1727218502
543,la trinite,14.7376,-60.9629,301.18,83,75,2.06,MQ,1727218504
544,mount isa,-20.7333,139.5,300.02,41,2,2.06,AU,1727218505
545,gudari,19.35,83.7833,297.37,97,100,0.54,IN,1727218506
546,gorontalo,0.5412,123.0595,298.98,87,100,0.63,ID,1727218507
547,taoudenni,22.6783,-3.9836,308.19,25,100,3.27,ML,1727218508
548,griffith,41.5284,-87.4237,293.44,91,100,4.63,US,1727218509
549,haiku-pauwela,20.9219,-156.3051,302.72,70,26,11.62,US,1727218511
550,eyl,7.9803,49.8164,298.26,78,8,8.71,SO,1727218512
551,ouro sogui,15.6,-13.3167,298.16,94,40,1.03,SN,1727218513
552,cabedelo,-6.9811,-34.8339,297.52,79,10,6.61,BR,1727218514
553,grootfontein,-19.5667,18.1167,290.91,77,58,2.06,NA,1727218515
554,xining,36.6167,101.7667,282.98,86,2,0.25,CN,1727218517
555,kuta,-8.7233,115.1723,299.12,94,20,1.54,ID,1727218518
556,lobito,-12.3481,13.5456,294.31,86,95,5.3,AO,1727218519
557,suoyarvi,62.0833,32.35,282.85,77,94,3.16,RU,1727218520
558,mogadishu,2.0371,45.3438,298.15,81,68,7.8,SO,1727218521
559,berezovyy,51.6667,135.7,284.99,67,81,0.87,RU,1727218523
560,sao gabriel da cachoeira,-0.1303,-67.0892,301.57,63,80,1.38,BR,1727218524
